{"stats":{"minecraft:used":{"minecraft:lava_bucket":106,"minecraft:snow_block":3,"minecraft:grass_block":245},"minecraft:custom":{"minecraft:jump":118,"minecraft:time_since_rest":55867,"minecraft:crouch_one_cm":473,"minecraft:play_one_minute":55082,"minecraft:leave_game":8,"minecraft:sprint_one_cm":2105,"minecraft:time_since_death":55867,"minecraft:walk_on_water_one_cm":248,"minecraft:walk_one_cm":73078,"minecraft:sneak_time":3043,"minecraft:walk_under_water_one_cm":3859,"minecraft:fly_one_cm":1629371}},"DataVersion":2586}